text,category,source
GENERAL STORE repair service donation,other,synthetic
onions,groceries,synthetic
BURGER KING,dining,synthetic
CORNER SHOP gift item,other,synthetic
shoes,shopping,synthetic
ADDIDE SUPERMARKET fish (raw) frozen food bread,groceries,synthetic
NETFLIX arcade credit concert ticket movie ticket,entertainment,synthetic
GENESIS RESTAURANT pounded yam,dining,synthetic
rice,groceries,synthetic
WALGREENS antibiotics vitamin c,health,synthetic
SPECTRANET,utilities,synthetic
data bundle,utilities,synthetic
SPAR,groceries,synthetic
CVS PHARMACY bandage consultation fee lab test,health,synthetic
photocopy gift item,other,synthetic
TASTEE FASHION perfume home decor,shopping,synthetic
LOCAL STORE miscellaneous item,other,synthetic
AMAZON PRIME VIDEO streaming subscription video game game console,entertainment,synthetic
CHEVRON STATION parking fee vehicle service petrol,transport,synthetic
GENESIS CINEMAS amusement park ticket game console concert ticket,entertainment,synthetic
DSTV,utilities,synthetic
SHELL car wash tyre,transport,synthetic
OUNCE STORE electronics shirt,shopping,synthetic
THE PLACE smoothie burger,dining,synthetic
IKEDC data bundle electricity bill internet subscription,utilities,synthetic
repair service,other,synthetic
ALPHA PHARMACY antibiotics hand sanitizer malaria test,health,synthetic
FOOD CO sugar cooking oil,groceries,synthetic
NETFLIX movie ticket,entertainment,synthetic
FRESH MARKET chicken (raw),groceries,synthetic
MEDPLUS bandage,health,synthetic
service fee gift item miscellaneous item,other,synthetic
yam,groceries,synthetic
SILVERBIRD CINEMAS popcorn video game,entertainment,synthetic
SPOTIFY game console concert ticket movie ticket,entertainment,synthetic
LOCAL STORE photocopy stationery,other,synthetic
MOBIL car wash engine oil parking fee,transport,synthetic
GOTV data bundle prepaid meter token,utilities,synthetic
PRINCE EBEANO flour,groceries,synthetic
WHOLE FOODS yam tomatoes,groceries,synthetic
BOLT diesel engine oil fuel,transport,synthetic
streaming subscription game console,entertainment,synthetic
KONGA headphones trousers,shopping,synthetic
GENESIS CINEMAS arcade credit amusement park ticket,entertainment,synthetic
SWEET SENSATION suya,dining,synthetic
GENESIS RESTAURANT coffee jollof rice soft drink,dining,synthetic
GENERAL STORE service fee photocopy stationery,other,synthetic
GENESIS DELUXE MALL shirt,shopping,synthetic
KROGER,groceries,synthetic
AMC THEATRES popcorn streaming subscription,entertainment,synthetic
TARGET perfume shirt,shopping,synthetic
9MOBILE gas refill prepaid meter token,utilities,synthetic
MISC VENDOR service fee repair service,other,synthetic
ALPHA PHARMACY,health,synthetic
NNPC toll tyre,transport,synthetic
KROGER cheese,groceries,synthetic
SWEET SENSATION,dining,synthetic
DSTV water bill data bundle,utilities,synthetic
AMAZON shoes,shopping,synthetic
OANDO diesel fuel,transport,synthetic
CONOIL parking fee toll,transport,synthetic
TRADER JOE'S yam garri,groceries,synthetic
NNPC engine oil petrol,transport,synthetic
JUMIA cosmetics,shopping,synthetic
concert ticket,entertainment,synthetic
parking fee toll petrol,transport,synthetic
GENESIS CINEMAS popcorn arcade credit amusement park ticket,entertainment,synthetic
MR BIGGS shawarma jollof rice pizza,dining,synthetic
LOCAL STORE repair service service fee,other,synthetic
IKEDC airtime water bill data bundle,utilities,synthetic
SPECTRANET water bill cable subscription electricity bill,utilities,synthetic
shoes home decor,shopping,synthetic
JUMIA FASHION wristwatch cosmetics,shopping,synthetic
SHELL tyre ride fare,transport,synthetic
NEPA,utilities,synthetic
EMZOR PHARMACY paracetamol antibiotics face mask,health,synthetic
AMC THEATRES movie ticket game console,entertainment,synthetic
ZARA cosmetics,shopping,synthetic
GENESIS CINEMAS amusement park ticket popcorn video game,entertainment,synthetic
LAGOS BRT petrol,transport,synthetic
NANDO'S chapman,dining,synthetic
SPAR vegetables cooking oil,groceries,synthetic
pounded yam burger,dining,synthetic
YUDALA cosmetics,shopping,synthetic
BEST BUY,shopping,synthetic
GENESIS CINEMAS arcade credit movie ticket,entertainment,synthetic
MISC VENDOR service fee,other,synthetic
OANDO parking fee,transport,synthetic
DSTV prepaid meter token airtime,utilities,synthetic
COLD STONE shawarma pizza,dining,synthetic
KROGER spaghetti,groceries,synthetic
MISC VENDOR photocopy donation service fee,other,synthetic
ST. NICHOLAS HOSPITAL paracetamol consultation fee,health,synthetic
MISC VENDOR stationery repair service,other,synthetic
9MOBILE water bill internet subscription cable subscription,utilities,synthetic
LAGOON HOSPITAL,health,synthetic
REDDINGTON HOSPITAL hand sanitizer,health,synthetic
IKEDC electricity bill airtime data bundle,utilities,synthetic
NNPC fuel,transport,synthetic
JUMIA perfume cosmetics,shopping,synthetic
PRINCE EBEANO onions,groceries,synthetic
ADDIDE SUPERMARKET onions,groceries,synthetic
AIRTEL prepaid meter token,utilities,synthetic
SAFEWAY,groceries,synthetic
PRINCE EBEANO fish (raw) onions,groceries,synthetic
MEDPLUS hand sanitizer face mask,health,synthetic
IPNX airtime water bill cable subscription,utilities,synthetic
NNPC car wash petrol,transport,synthetic
REGAL CINEMAS streaming subscription,entertainment,synthetic
KONGA bag,shopping,synthetic
MISC VENDOR repair service photocopy,other,synthetic
TASTEE FASHION shirt bag,shopping,synthetic
WHOLE FOODS indomie noodles fruits,groceries,synthetic
LAGOON HOSPITAL prescription consultation fee,health,synthetic
STARBUCKS pounded yam suya,dining,synthetic
DSTV gas refill airtime water bill,utilities,synthetic
REDDINGTON HOSPITAL bandage vitamin c,health,synthetic
NETFLIX popcorn video game,entertainment,synthetic
SHOWMAX game console arcade credit concert ticket,entertainment,synthetic
MTN prepaid meter token water bill,utilities,synthetic
SHOPRITE tomatoes bread,groceries,synthetic
CHIPOTLE,dining,synthetic
SHOPRITE,groceries,synthetic
REGAL CINEMAS video game,entertainment,synthetic
CVS PHARMACY hand sanitizer malaria test,health,synthetic
LOCAL STORE printing,other,synthetic
GOTV,utilities,synthetic
TASTEE FRIED CHICKEN combo meal coffee,dining,synthetic
IPNX electricity bill prepaid meter token,utilities,synthetic
OANDO ride fare petrol,transport,synthetic
CONOIL fuel,transport,synthetic
miscellaneous item donation,other,synthetic
SWEET SENSATION soft drink fried rice,dining,synthetic
NEXT wristwatch cosmetics,shopping,synthetic
soft drink coffee,dining,synthetic
LAGOS WATER CORPORATION airtime data bundle,utilities,synthetic
MEGAPLAZA PARKING petrol,transport,synthetic
REDDINGTON HOSPITAL face mask,health,synthetic
GOTV gas refill,utilities,synthetic
LOCAL STORE printing gift item photocopy,other,synthetic
MTN data bundle,utilities,synthetic
COLD STONE egusi soup,dining,synthetic
ST. NICHOLAS HOSPITAL,health,synthetic
face mask,health,synthetic
WHOLE FOODS bread eggs pepper,groceries,synthetic
WHOLE FOODS cheese rice yam,groceries,synthetic
STARTIMES water bill prepaid meter token,utilities,synthetic
GENERAL STORE printing photocopy,other,synthetic
SLOT trousers,shopping,synthetic
YUDALA,shopping,synthetic
TASTEE FASHION perfume bag home decor,shopping,synthetic
REGAL CINEMAS arcade credit,entertainment,synthetic
jollof rice,dining,synthetic
CORNER SHOP repair service,other,synthetic
JUMIA FASHION shoes perfume cosmetics,shopping,synthetic
COLD STONE jollof rice,dining,synthetic
bread,groceries,synthetic
CAFE NEO pounded yam,dining,synthetic
NETFLIX streaming subscription video game,entertainment,synthetic
pounded yam,dining,synthetic
EMZOR PHARMACY first aid hand sanitizer,health,synthetic
LAGOON HOSPITAL consultation fee bandage lab test,health,synthetic
IKEDC electricity bill prepaid meter token,utilities,synthetic
FRESH MARKET eggs cheese frozen food,groceries,synthetic
GLO,utilities,synthetic
AIRTEL prepaid meter token airtime,utilities,synthetic
REDDINGTON HOSPITAL lab test consultation fee,health,synthetic
TASTEE FASHION home decor,shopping,synthetic
KILIMANJARO,dining,synthetic
LAGOS BRT engine oil fuel ride fare,transport,synthetic
DOMINO'S PIZZA burger smoothie,dining,synthetic
concert ticket amusement park ticket streaming subscription,entertainment,synthetic
JUMIA,shopping,synthetic
TRADER JOE'S indomie noodles onions,groceries,synthetic
MCDONALD'S grilled fish pizza,dining,synthetic
DOMINO'S PIZZA suya,dining,synthetic
NNPC petrol ride fare tyre,transport,synthetic
LAGOS BRT parking fee fuel ride fare,transport,synthetic
EVERYDAY SUPERMARKET milk spaghetti,groceries,synthetic
SPECTRANET cable subscription,utilities,synthetic
SPAR vegetables butter,groceries,synthetic
AMAZON PRIME VIDEO arcade credit movie ticket,entertainment,synthetic
GOTV prepaid meter token,utilities,synthetic
CHEVRON STATION tyre diesel vehicle service,transport,synthetic
NNPC diesel petrol,transport,synthetic
LOCAL STORE donation service fee photocopy,other,synthetic
TASTEE FRIED CHICKEN chapman,dining,synthetic
GENESIS DELUXE MALL trousers headphones,shopping,synthetic
WHOLE FOODS,groceries,synthetic
first aid,health,synthetic
MTN cable subscription prepaid meter token,utilities,synthetic
EMZOR PHARMACY vitamin c face mask antibiotics,health,synthetic
FRESH MARKET spaghetti tomatoes bread,groceries,synthetic
GENESIS DELUXE MALL home decor,shopping,synthetic
CVS PHARMACY,health,synthetic
AIRTEL prepaid meter token data bundle electricity bill,utilities,synthetic
MTN,utilities,synthetic
IPNX,utilities,synthetic
JUMIA home decor perfume charger,shopping,synthetic
CHEVRON STATION tyre vehicle service,transport,synthetic
LAGOON HOSPITAL antibiotics,health,synthetic
NETFLIX video game popcorn concert ticket,entertainment,synthetic
ZARA phone case cosmetics charger,shopping,synthetic
AMAZON PRIME VIDEO,entertainment,synthetic
GRAND SQUARE fruits,groceries,synthetic
DSTV airtime data bundle cable subscription,utilities,synthetic
gas refill water bill cable subscription,utilities,synthetic
soft drink,dining,synthetic
LOCAL STORE repair service,other,synthetic
AMAZON PRIME VIDEO arcade credit amusement park ticket,entertainment,synthetic
MISC VENDOR gift item printing,other,synthetic
SPOTIFY,entertainment,synthetic
grilled fish shawarma,dining,synthetic
CORNER SHOP donation,other,synthetic
phone case shoes,shopping,synthetic
MEGAPLAZA PARKING,transport,synthetic
ST. NICHOLAS HOSPITAL lab test malaria test,health,synthetic
TASTEE FRIED CHICKEN pounded yam suya grilled fish,dining,synthetic
UBER petrol diesel,transport,synthetic
KROGER chicken (raw),groceries,synthetic
CHEVRON STATION diesel,transport,synthetic
car wash parking fee,transport,synthetic
GENESIS RESTAURANT chapman,dining,synthetic
ADDIDE SUPERMARKET bread flour milk,groceries,synthetic
lab test first aid,health,synthetic
face mask malaria test bandage,health,synthetic
repair service gift item stationery,other,synthetic
TASTEE FRIED CHICKEN burger grilled fish,dining,synthetic
WHOLE FOODS cheese yam indomie noodles,groceries,synthetic
TARGET shoes,shopping,synthetic
GENESIS CINEMAS concert ticket,entertainment,synthetic
NEPA electricity bill gas refill internet subscription,utilities,synthetic
MISC VENDOR service fee printing miscellaneous item,other,synthetic
petrol ride fare fuel,transport,synthetic
JUSTRITE eggs fruits,groceries,synthetic
WALGREENS face mask consultation fee prescription,health,synthetic
TARGET perfume charger,shopping,synthetic
MEGAPLAZA PARKING engine oil petrol,transport,synthetic
CVS PHARMACY antibiotics paracetamol,health,synthetic
CORNER SHOP miscellaneous item,other,synthetic
EVERYDAY SUPERMARKET,groceries,synthetic
SPOTIFY amusement park ticket arcade credit,entertainment,synthetic
KONGA perfume bag electronics,shopping,synthetic
game console,entertainment,synthetic
donation miscellaneous item,other,synthetic
ZARA home decor,shopping,synthetic
UBER vehicle service parking fee,transport,synthetic
BEST BUY charger,shopping,synthetic
CHEVRON STATION car wash toll petrol,transport,synthetic
cosmetics,shopping,synthetic
IKEDC airtime,utilities,synthetic
GENERAL STORE printing,other,synthetic
CITY CLINIC consultation fee lab test,health,synthetic
TOTAL FILLING STATION,transport,synthetic
SPECTRANET internet subscription,utilities,synthetic
HEALTHPLUS malaria test hand sanitizer vitamin c,health,synthetic
FILMHOUSE CINEMAS video game arcade credit game console,entertainment,synthetic
IKEDC prepaid meter token internet subscription,utilities,synthetic
STARBUCKS chicken and chips chapman,dining,synthetic
SILVERBIRD CINEMAS game console,entertainment,synthetic
LOCAL STORE photocopy,other,synthetic
JIJI wristwatch perfume,shopping,synthetic
BEST BUY wristwatch phone case headphones,shopping,synthetic
fish (raw),groceries,synthetic
SMILE,utilities,synthetic
GENESIS CINEMAS video game arcade credit,entertainment,synthetic
BUKKA HUT pizza coffee,dining,synthetic
LOCAL STORE service fee,other,synthetic
YUDALA shoes wristwatch trousers,shopping,synthetic
PHCN,utilities,synthetic
AMC THEATRES,entertainment,synthetic
MARKET SQUARE sugar pepper,groceries,synthetic
EMZOR PHARMACY vitamin c face mask,health,synthetic
EMZOR PHARMACY face mask malaria test vitamin c,health,synthetic
DOMINO'S PIZZA,dining,synthetic
MOBIL,transport,synthetic
COLD STONE pizza sandwich burger,dining,synthetic
CVS PHARMACY antibiotics first aid,health,synthetic
SHELL tyre,transport,synthetic
BOLT,transport,synthetic
OANDO fuel toll engine oil,transport,synthetic
LOCAL STORE gift item stationery,other,synthetic
LOCAL STORE donation,other,synthetic
MR BIGGS smoothie,dining,synthetic
SWEET SENSATION combo meal sandwich burger,dining,synthetic
combo meal grilled fish,dining,synthetic
CITY CLINIC consultation fee,health,synthetic
amusement park ticket game console,entertainment,synthetic
EBEANO SUPERMARKET onions beans garri,groceries,synthetic
internet subscription electricity bill,utilities,synthetic
WHOLE FOODS tomatoes sugar chicken (raw),groceries,synthetic
WALGREENS vitamin c prescription,health,synthetic
stationery,other,synthetic
CONOIL vehicle service,transport,synthetic
ST. NICHOLAS HOSPITAL hand sanitizer face mask,health,synthetic
MCDONALD'S pounded yam smoothie,dining,synthetic
REGAL CINEMAS popcorn movie ticket arcade credit,entertainment,synthetic
STARBUCKS jollof rice grilled fish combo meal,dining,synthetic
SWEET SENSATION chapman,dining,synthetic
JUMIA headphones home decor,shopping,synthetic
AIRTEL electricity bill data bundle,utilities,synthetic
GAME STORES headphones shirt,shopping,synthetic
MEGAPLAZA PARKING tyre vehicle service,transport,synthetic
OUNCE STORE charger home decor shirt,shopping,synthetic
COLD STONE sandwich soft drink,dining,synthetic
SPAR spaghetti flour sugar,groceries,synthetic
ALPHA PHARMACY face mask hand sanitizer,health,synthetic
AMAZON PRIME VIDEO streaming subscription amusement park ticket movie ticket,entertainment,synthetic
MEDPLUS,health,synthetic
CORNER SHOP stationery,other,synthetic
MISC VENDOR photocopy repair service,other,synthetic
hand sanitizer antibiotics lab test,health,synthetic
cosmetics headphones,shopping,synthetic
CORNER SHOP printing donation,other,synthetic
GENERAL STORE stationery repair service,other,synthetic
REDDINGTON HOSPITAL vitamin c face mask hand sanitizer,health,synthetic
9MOBILE gas refill prepaid meter token internet subscription,utilities,synthetic
headphones,shopping,synthetic
BUKKA HUT,dining,synthetic
FRESH MARKET cheese,groceries,synthetic
EVERYDAY SUPERMARKET fish (raw) vegetables,groceries,synthetic
GENESIS CINEMAS arcade credit concert ticket,entertainment,synthetic
9MOBILE gas refill,utilities,synthetic
MOBIL car wash,transport,synthetic
BOLT car wash parking fee,transport,synthetic
DOMINO'S PIZZA suya shawarma combo meal,dining,synthetic
GENESIS RESTAURANT combo meal,dining,synthetic
CONOIL engine oil,transport,synthetic
NEXT cosmetics bag phone case,shopping,synthetic
UBER diesel,transport,synthetic
GRAND SQUARE indomie noodles onions vegetables,groceries,synthetic
OCEAN BASKET burger,dining,synthetic
WHOLE FOODS butter milk,groceries,synthetic
CHICKEN REPUBLIC soft drink chicken and chips combo meal,dining,synthetic
ST. NICHOLAS HOSPITAL antibiotics,health,synthetic
SHOWMAX video game concert ticket amusement park ticket,entertainment,synthetic
FOOD CO cereal fruits,groceries,synthetic
SMILE cable subscription gas refill water bill,utilities,synthetic
SPECTRANET gas refill internet subscription cable subscription,utilities,synthetic
LOCAL STORE repair service photocopy,other,synthetic
WALGREENS consultation fee bandage lab test,health,synthetic
MTN data bundle electricity bill,utilities,synthetic
AMC THEATRES arcade credit game console,entertainment,synthetic
CORNER SHOP photocopy stationery,other,synthetic
CAFE NEO chapman grilled fish,dining,synthetic
AIRTEL prepaid meter token gas refill data bundle,utilities,synthetic
MARKET SQUARE sugar,groceries,synthetic
NETFLIX concert ticket amusement park ticket movie ticket,entertainment,synthetic
ALPHA PHARMACY paracetamol face mask first aid,health,synthetic
donation service fee repair service,other,synthetic
MEGAPLAZA PARKING vehicle service,transport,synthetic
HEALTHPLUS,health,synthetic
H&M perfume charger,shopping,synthetic
KFC shawarma coffee fried rice,dining,synthetic
AMC THEATRES popcorn,entertainment,synthetic
TASTEE FASHION bag headphones shoes,shopping,synthetic
SMILE water bill,utilities,synthetic
OANDO diesel petrol,transport,synthetic
SLOT phone case wristwatch,shopping,synthetic
MISC VENDOR repair service,other,synthetic
GENERAL STORE donation gift item photocopy,other,synthetic
CITY CLINIC lab test antibiotics consultation fee,health,synthetic
SAFEWAY beans rice,groceries,synthetic
AMC THEATRES arcade credit,entertainment,synthetic
SILVERBIRD CINEMAS arcade credit popcorn concert ticket,entertainment,synthetic
MISC VENDOR,other,synthetic
GENESIS CINEMAS game console,entertainment,synthetic
SMILE water bill data bundle electricity bill,utilities,synthetic
BURGER KING egusi soup,dining,synthetic
suya,dining,synthetic
CAFE NEO chicken and chips smoothie coffee,dining,synthetic
tyre fuel,transport,synthetic
EBEANO SUPERMARKET chicken (raw) eggs,groceries,synthetic
TOTAL FILLING STATION toll tyre vehicle service,transport,synthetic
SPOTIFY video game arcade credit streaming subscription,entertainment,synthetic
EMZOR PHARMACY hand sanitizer,health,synthetic
SPAR indomie noodles fish (raw) sugar,groceries,synthetic
TASTEE FRIED CHICKEN chapman grilled fish fried rice,dining,synthetic
JIJI,shopping,synthetic
LAGOS BRT,transport,synthetic
malaria test first aid,health,synthetic
shoes bag,shopping,synthetic
MEGAPLAZA PARKING parking fee fuel engine oil,transport,synthetic
MISC VENDOR gift item,other,synthetic
GENESIS DELUXE MALL electronics trousers,shopping,synthetic
WALMART electronics cosmetics charger,shopping,synthetic
NEPA airtime,utilities,synthetic
EBEANO SUPERMARKET beans spaghetti,groceries,synthetic
petrol,transport,synthetic
CVS PHARMACY face mask,health,synthetic
MEDPLUS hand sanitizer consultation fee face mask,health,synthetic
KROGER eggs vegetables,groceries,synthetic
STARTIMES,utilities,synthetic
STARTIMES water bill,utilities,synthetic
CVS PHARMACY vitamin c hand sanitizer malaria test,health,synthetic
GOTV airtime internet subscription gas refill,utilities,synthetic
KONGA headphones wristwatch shirt,shopping,synthetic
BOLT petrol,transport,synthetic
pizza suya chicken and chips,dining,synthetic
NETFLIX movie ticket concert ticket,entertainment,synthetic
arcade credit,entertainment,synthetic
FILMHOUSE CINEMAS,entertainment,synthetic
OCEAN BASKET coffee shawarma sandwich,dining,synthetic
GENERAL STORE repair service stationery printing,other,synthetic
EMZOR PHARMACY malaria test antibiotics lab test,health,synthetic
SLOT shirt,shopping,synthetic
SILVERBIRD CINEMAS video game streaming subscription movie ticket,entertainment,synthetic
GENERAL STORE,other,synthetic
indomie noodles,groceries,synthetic
TASTEE FASHION,shopping,synthetic
SPOTIFY popcorn movie ticket video game,entertainment,synthetic
GENESIS CINEMAS arcade credit video game streaming subscription,entertainment,synthetic
AIRTEL,utilities,synthetic
photocopy service fee,other,synthetic
LOCAL STORE service fee repair service stationery,other,synthetic
parking fee ride fare toll,transport,synthetic
FRESH MARKET onions eggs,groceries,synthetic
SPOTIFY concert ticket,entertainment,synthetic
GENERAL STORE gift item,other,synthetic
AMAZON PRIME VIDEO popcorn,entertainment,synthetic
AIRTEL cable subscription prepaid meter token water bill,utilities,synthetic
AEDC gas refill electricity bill data bundle,utilities,synthetic
CORNER SHOP photocopy miscellaneous item,other,synthetic
SHOWMAX arcade credit,entertainment,synthetic
GRAND SQUARE cooking oil onions bread,groceries,synthetic
OANDO,transport,synthetic
NEPA prepaid meter token electricity bill,utilities,synthetic
TASTEE FRIED CHICKEN jollof rice chapman,dining,synthetic
CORNER SHOP photocopy gift item,other,synthetic
9MOBILE cable subscription,utilities,synthetic
LAGOS BRT tyre ride fare engine oil,transport,synthetic
SMILE data bundle prepaid meter token,utilities,synthetic
REGAL CINEMAS video game streaming subscription,entertainment,synthetic
JUSTRITE frozen food,groceries,synthetic
LOCAL STORE gift item,other,synthetic
EMZOR PHARMACY,health,synthetic
GENESIS DELUXE MALL electronics headphones,shopping,synthetic
MEGAPLAZA PARKING petrol ride fare parking fee,transport,synthetic
GENESIS RESTAURANT,dining,synthetic
NETFLIX amusement park ticket concert ticket video game,entertainment,synthetic
HEALTHPLUS antibiotics,health,synthetic
WALGREENS first aid,health,synthetic
YUDALA phone case home decor,shopping,synthetic
MEDPLUS prescription bandage,health,synthetic
SHOWMAX streaming subscription game console popcorn,entertainment,synthetic
UBER,transport,synthetic
NEXT shoes home decor,shopping,synthetic
REDDINGTON HOSPITAL paracetamol,health,synthetic
vehicle service diesel,transport,synthetic
ADDIDE SUPERMARKET frozen food chicken (raw),groceries,synthetic
FOOD CO fruits yam,groceries,synthetic
SILVERBIRD CINEMAS amusement park ticket,entertainment,synthetic
SHOWMAX,entertainment,synthetic
TASTEE FRIED CHICKEN soft drink pizza egusi soup,dining,synthetic
STARBUCKS coffee suya,dining,synthetic
STARBUCKS,dining,synthetic
TOTAL FILLING STATION toll,transport,synthetic
GENESIS CINEMAS,entertainment,synthetic
JUSTRITE bread spaghetti,groceries,synthetic
GENERAL STORE miscellaneous item stationery gift item,other,synthetic
IKEDC gas refill electricity bill water bill,utilities,synthetic
MISC VENDOR miscellaneous item stationery service fee,other,synthetic
vitamin c face mask,health,synthetic
HEALTHPLUS hand sanitizer lab test,health,synthetic
AEDC,utilities,synthetic
WALGREENS paracetamol malaria test first aid,health,synthetic
water bill gas refill cable subscription,utilities,synthetic
data bundle electricity bill,utilities,synthetic
JUSTRITE beans tomatoes,groceries,synthetic
MISC VENDOR photocopy gift item,other,synthetic
NETFLIX popcorn game console,entertainment,synthetic
photocopy gift item stationery,other,synthetic
OANDO tyre diesel car wash,transport,synthetic
EVERYDAY SUPERMARKET yam tomatoes garri,groceries,synthetic
GENESIS RESTAURANT egusi soup soft drink,dining,synthetic
SILVERBIRD CINEMAS,entertainment,synthetic
KFC coffee shawarma combo meal,dining,synthetic
ALPHA PHARMACY consultation fee vitamin c,health,synthetic
EKEDC prepaid meter token cable subscription,utilities,synthetic
SILVERBIRD CINEMAS amusement park ticket game console,entertainment,synthetic
EMZOR PHARMACY bandage,health,synthetic
hand sanitizer,health,synthetic
phone case,shopping,synthetic
EKEDC electricity bill internet subscription gas refill,utilities,synthetic
LOCAL STORE stationery,other,synthetic
printing service fee,other,synthetic
SPOTIFY movie ticket arcade credit,entertainment,synthetic
UBER toll engine oil fuel,transport,synthetic
ST. NICHOLAS HOSPITAL paracetamol,health,synthetic
SPOTIFY arcade credit,entertainment,synthetic
DSTV gas refill,utilities,synthetic
STARBUCKS jollof rice suya shawarma,dining,synthetic
SILVERBIRD CINEMAS arcade credit movie ticket video game,entertainment,synthetic
GENERAL STORE printing miscellaneous item,other,synthetic
AMC THEATRES amusement park ticket movie ticket,entertainment,synthetic
MTN water bill,utilities,synthetic
WALGREENS bandage,health,synthetic
TOTAL FILLING STATION vehicle service car wash,transport,synthetic
JIJI bag headphones,shopping,synthetic
SPAR onions,groceries,synthetic
MISC VENDOR repair service stationery service fee,other,synthetic
AMAZON headphones wristwatch,shopping,synthetic
AMAZON home decor perfume headphones,shopping,synthetic
WALMART perfume charger cosmetics,shopping,synthetic
TRADER JOE'S onions,groceries,synthetic
GENERAL STORE service fee,other,synthetic
AMC THEATRES streaming subscription movie ticket game console,entertainment,synthetic
TASTEE FRIED CHICKEN soft drink grilled fish,dining,synthetic
REDDINGTON HOSPITAL lab test malaria test bandage,health,synthetic
STARBUCKS egusi soup,dining,synthetic
THE PLACE egusi soup fried rice suya,dining,synthetic
ST. NICHOLAS HOSPITAL hand sanitizer bandage,health,synthetic
EMZOR PHARMACY consultation fee,health,synthetic
MTN water bill electricity bill,utilities,synthetic
tomatoes salt flour,groceries,synthetic
MEDPLUS face mask,health,synthetic
UBER ride fare,transport,synthetic
WALMART wristwatch charger electronics,shopping,synthetic
WALMART headphones,shopping,synthetic
TASTEE FASHION phone case electronics cosmetics,shopping,synthetic
MEGAPLAZA PARKING tyre engine oil,transport,synthetic
TARGET home decor cosmetics,shopping,synthetic
CAFE NEO smoothie,dining,synthetic
NETFLIX movie ticket streaming subscription,entertainment,synthetic
GENESIS CINEMAS movie ticket amusement park ticket,entertainment,synthetic
AMC THEATRES movie ticket amusement park ticket game console,entertainment,synthetic
LAGOON HOSPITAL vitamin c prescription,health,synthetic
9MOBILE water bill,utilities,synthetic
combo meal,dining,synthetic
SPOTIFY movie ticket game console,entertainment,synthetic
jollof rice fried rice,dining,synthetic
SPECTRANET electricity bill cable subscription,utilities,synthetic
GENERAL STORE service fee miscellaneous item stationery,other,synthetic
parking fee fuel car wash,transport,synthetic
ADDIDE SUPERMARKET,groceries,synthetic
THE PLACE,dining,synthetic
ride fare,transport,synthetic
AMAZON PRIME VIDEO movie ticket video game amusement park ticket,entertainment,synthetic
MISC VENDOR repair service stationery,other,synthetic
NANDO'S sandwich,dining,synthetic
WALGREENS prescription,health,synthetic
JUSTRITE,groceries,synthetic
NEXT phone case home decor bag,shopping,synthetic
SPAR indomie noodles,groceries,synthetic
STARBUCKS combo meal,dining,synthetic
SPOTIFY amusement park ticket popcorn streaming subscription,entertainment,synthetic
ST. NICHOLAS HOSPITAL face mask first aid malaria test,health,synthetic
EVERYDAY SUPERMARKET indomie noodles,groceries,synthetic
COLD STONE soft drink combo meal,dining,synthetic
GENERAL STORE miscellaneous item stationery printing,other,synthetic
internet subscription cable subscription data bundle,utilities,synthetic
gas refill,utilities,synthetic
MISC VENDOR photocopy,other,synthetic
SPOTIFY amusement park ticket,entertainment,synthetic
REDDINGTON HOSPITAL,health,synthetic
LAGOS BRT petrol engine oil,transport,synthetic
LAGOS BRT parking fee fuel,transport,synthetic
LOCAL STORE photocopy printing miscellaneous item,other,synthetic
LOCAL STORE printing stationery,other,synthetic
ADDIDE SUPERMARKET beans,groceries,synthetic
CONOIL ride fare,transport,synthetic
EMZOR PHARMACY antibiotics,health,synthetic
MEGAPLAZA PARKING parking fee car wash engine oil,transport,synthetic
MEDPLUS prescription,health,synthetic
GRAND SQUARE milk cheese,groceries,synthetic
AMC THEATRES movie ticket amusement park ticket,entertainment,synthetic
TARGET trousers,shopping,synthetic
GENESIS RESTAURANT pounded yam soft drink,dining,synthetic
CORNER SHOP service fee,other,synthetic
WHOLE FOODS flour fruits,groceries,synthetic
CHEVRON STATION vehicle service,transport,synthetic
MISC VENDOR printing,other,synthetic
LAGOS BRT engine oil petrol tyre,transport,synthetic
OUNCE STORE trousers,shopping,synthetic
gift item stationery miscellaneous item,other,synthetic
BURGER KING chapman combo meal burger,dining,synthetic
EKEDC,utilities,synthetic
JUMIA FASHION shirt,shopping,synthetic
KROGER bread onions tomatoes,groceries,synthetic
GENERAL STORE donation gift item,other,synthetic
FRESH MARKET,groceries,synthetic
flour,groceries,synthetic
ST. NICHOLAS HOSPITAL first aid antibiotics lab test,health,synthetic
CONOIL,transport,synthetic
CHEVRON STATION car wash toll,transport,synthetic
popcorn,entertainment,synthetic
fried rice chapman burger,dining,synthetic
GAME STORES perfume charger,shopping,synthetic
NETFLIX,entertainment,synthetic
NEXT shoes,shopping,synthetic
CORNER SHOP repair service photocopy,other,synthetic
GENESIS CINEMAS concert ticket video game,entertainment,synthetic
ALPHA PHARMACY lab test consultation fee vitamin c,health,synthetic
UBER fuel petrol,transport,synthetic
CITY CLINIC,health,synthetic
WALGREENS face mask antibiotics consultation fee,health,synthetic
BEST BUY electronics home decor,shopping,synthetic
milk,groceries,synthetic
CORNER SHOP photocopy,other,synthetic
NANDO'S,dining,synthetic
NEPA data bundle electricity bill,utilities,synthetic
JUMIA FASHION,shopping,synthetic
GRAND SQUARE milk frozen food,groceries,synthetic
STARTIMES electricity bill,utilities,synthetic
parking fee,transport,synthetic
9MOBILE airtime,utilities,synthetic
SHOPRITE pepper,groceries,synthetic
prescription,health,synthetic
H&M,shopping,synthetic
KILIMANJARO burger sandwich,dining,synthetic
CHEVRON STATION,transport,synthetic
NEXT perfume wristwatch charger,shopping,synthetic
YUDALA headphones,shopping,synthetic
IKEDC,utilities,synthetic
SHOPRITE tomatoes eggs sugar,groceries,synthetic
H&M headphones bag,shopping,synthetic
BURGER KING jollof rice fried rice pizza,dining,synthetic
GENESIS CINEMAS arcade credit,entertainment,synthetic
CHIPOTLE pounded yam egusi soup chicken and chips,dining,synthetic
LOCAL STORE,other,synthetic
SHELL vehicle service,transport,synthetic
AMAZON,shopping,synthetic
CORNER SHOP service fee photocopy gift item,other,synthetic
TOTAL FILLING STATION ride fare engine oil diesel,transport,synthetic
tomatoes beans,groceries,synthetic
CORNER SHOP,other,synthetic
EMZOR PHARMACY first aid,health,synthetic
GENERAL STORE repair service,other,synthetic
FOOD CO,groceries,synthetic
MOBIL engine oil tyre,transport,synthetic
COLD STONE,dining,synthetic
GLO electricity bill internet subscription cable subscription,utilities,synthetic
IPNX gas refill,utilities,synthetic
GENESIS DELUXE MALL shoes phone case,shopping,synthetic
SHELL vehicle service fuel ride fare,transport,synthetic
GENERAL STORE photocopy miscellaneous item,other,synthetic
TOTAL FILLING STATION parking fee fuel toll,transport,synthetic
GENESIS DELUXE MALL,shopping,synthetic
photocopy,other,synthetic
GENERAL STORE photocopy repair service,other,synthetic
