text,category
GENERAL STORE repair service donation,other
onions,groceries
BURGER KING,dining
CORNER SHOP gift item,other
shoes,shopping
ADDIDE SUPERMARKET fish (raw) frozen food bread,groceries
NETFLIX arcade credit concert ticket movie ticket,entertainment
GENESIS RESTAURANT pounded yam,dining
rice,groceries
WALGREENS antibiotics vitamin c,health
SPECTRANET,utilities
data bundle,utilities
SPAR,groceries
CVS PHARMACY bandage consultation fee lab test,health
photocopy gift item,other
TASTEE FASHION perfume home decor,shopping
LOCAL STORE miscellaneous item,other
AMAZON PRIME VIDEO streaming subscription video game game console,entertainment
CHEVRON STATION parking fee vehicle service petrol,transport
GENESIS CINEMAS amusement park ticket game console concert ticket,entertainment
DSTV,utilities
SHELL car wash tyre,transport
OUNCE STORE electronics shirt,shopping
THE PLACE smoothie burger,dining
IKEDC data bundle electricity bill internet subscription,utilities
repair service,other
ALPHA PHARMACY antibiotics hand sanitizer malaria test,health
FOOD CO sugar cooking oil,groceries
NETFLIX movie ticket,entertainment
FRESH MARKET chicken (raw),groceries
MEDPLUS bandage,health
service fee gift item miscellaneous item,other
yam,groceries
SILVERBIRD CINEMAS popcorn video game,entertainment
SPOTIFY game console concert ticket movie ticket,entertainment
LOCAL STORE photocopy stationery,other
MOBIL car wash engine oil parking fee,transport
GOTV data bundle prepaid meter token,utilities
PRINCE EBEANO flour,groceries
WHOLE FOODS yam tomatoes,groceries
BOLT diesel engine oil fuel,transport
streaming subscription game console,entertainment
KONGA headphones trousers,shopping
GENESIS CINEMAS arcade credit amusement park ticket,entertainment
SWEET SENSATION suya,dining
GENESIS RESTAURANT coffee jollof rice soft drink,dining
GENERAL STORE service fee photocopy stationery,other
GENESIS DELUXE MALL shirt,shopping
KROGER,groceries
AMC THEATRES popcorn streaming subscription,entertainment
TARGET perfume shirt,shopping
9MOBILE gas refill prepaid meter token,utilities
MISC VENDOR service fee repair service,other
ALPHA PHARMACY,health
NNPC toll tyre,transport
KROGER cheese,groceries
SWEET SENSATION,dining
DSTV water bill data bundle,utilities
AMAZON shoes,shopping
OANDO diesel fuel,transport
CONOIL parking fee toll,transport
TRADER JOE'S yam garri,groceries
NNPC engine oil petrol,transport
JUMIA cosmetics,shopping
concert ticket,entertainment
parking fee toll petrol,transport
GENESIS CINEMAS popcorn arcade credit amusement park ticket,entertainment
MR BIGGS shawarma jollof rice pizza,dining
LOCAL STORE repair service service fee,other
IKEDC airtime water bill data bundle,utilities
SPECTRANET water bill cable subscription electricity bill,utilities
shoes home decor,shopping
JUMIA FASHION wristwatch cosmetics,shopping
SHELL tyre ride fare,transport
NEPA,utilities
EMZOR PHARMACY paracetamol antibiotics face mask,health
AMC THEATRES movie ticket game console,entertainment
ZARA cosmetics,shopping
GENESIS CINEMAS amusement park ticket popcorn video game,entertainment
LAGOS BRT petrol,transport
NANDO'S chapman,dining
SPAR vegetables cooking oil,groceries
pounded yam burger,dining
YUDALA cosmetics,shopping
BEST BUY,shopping
GENESIS CINEMAS arcade credit movie ticket,entertainment
MISC VENDOR service fee,other
OANDO parking fee,transport
DSTV prepaid meter token airtime,utilities
COLD STONE shawarma pizza,dining
KROGER spaghetti,groceries
MISC VENDOR photocopy donation service fee,other
ST. NICHOLAS HOSPITAL paracetamol consultation fee,health
MISC VENDOR stationery repair service,other
9MOBILE water bill internet subscription cable subscription,utilities
LAGOON HOSPITAL,health
REDDINGTON HOSPITAL hand sanitizer,health
IKEDC electricity bill airtime data bundle,utilities
NNPC fuel,transport
JUMIA perfume cosmetics,shopping
PRINCE EBEANO onions,groceries
ADDIDE SUPERMARKET onions,groceries
AIRTEL prepaid meter token,utilities
SAFEWAY,groceries
PRINCE EBEANO fish (raw) onions,groceries
MEDPLUS hand sanitizer face mask,health
IPNX airtime water bill cable subscription,utilities
NNPC car wash petrol,transport
REGAL CINEMAS streaming subscription,entertainment
KONGA bag,shopping
MISC VENDOR repair service photocopy,other
TASTEE FASHION shirt bag,shopping
WHOLE FOODS indomie noodles fruits,groceries
LAGOON HOSPITAL prescription consultation fee,health
STARBUCKS pounded yam suya,dining
DSTV gas refill airtime water bill,utilities
REDDINGTON HOSPITAL bandage vitamin c,health
NETFLIX popcorn video game,entertainment
SHOWMAX game console arcade credit concert ticket,entertainment
MTN prepaid meter token water bill,utilities
SHOPRITE tomatoes bread,groceries
CHIPOTLE,dining
SHOPRITE,groceries
REGAL CINEMAS video game,entertainment
CVS PHARMACY hand sanitizer malaria test,health
LOCAL STORE printing,other
GOTV,utilities
TASTEE FRIED CHICKEN combo meal coffee,dining
IPNX electricity bill prepaid meter token,utilities
OANDO ride fare petrol,transport
CONOIL fuel,transport
miscellaneous item donation,other
SWEET SENSATION soft drink fried rice,dining
NEXT wristwatch cosmetics,shopping
soft drink coffee,dining
LAGOS WATER CORPORATION airtime data bundle,utilities
MEGAPLAZA PARKING petrol,transport
REDDINGTON HOSPITAL face mask,health
GOTV gas refill,utilities
LOCAL STORE printing gift item photocopy,other
MTN data bundle,utilities
COLD STONE egusi soup,dining
ST. NICHOLAS HOSPITAL,health
face mask,health
WHOLE FOODS bread eggs pepper,groceries
WHOLE FOODS cheese rice yam,groceries
STARTIMES water bill prepaid meter token,utilities
GENERAL STORE printing photocopy,other
SLOT trousers,shopping
YUDALA,shopping
TASTEE FASHION perfume bag home decor,shopping
REGAL CINEMAS arcade credit,entertainment
jollof rice,dining
CORNER SHOP repair service,other
JUMIA FASHION shoes perfume cosmetics,shopping
COLD STONE jollof rice,dining
bread,groceries
CAFE NEO pounded yam,dining
NETFLIX streaming subscription video game,entertainment
pounded yam,dining
EMZOR PHARMACY first aid hand sanitizer,health
LAGOON HOSPITAL consultation fee bandage lab test,health
IKEDC electricity bill prepaid meter token,utilities
FRESH MARKET eggs cheese frozen food,groceries
GLO,utilities
AIRTEL prepaid meter token airtime,utilities
REDDINGTON HOSPITAL lab test consultation fee,health
TASTEE FASHION home decor,shopping
KILIMANJARO,dining
LAGOS BRT engine oil fuel ride fare,transport
DOMINO'S PIZZA burger smoothie,dining
concert ticket amusement park ticket streaming subscription,entertainment
JUMIA,shopping
TRADER JOE'S indomie noodles onions,groceries
MCDONALD'S grilled fish pizza,dining
DOMINO'S PIZZA suya,dining
NNPC petrol ride fare tyre,transport
LAGOS BRT parking fee fuel ride fare,transport
EVERYDAY SUPERMARKET milk spaghetti,groceries
SPECTRANET cable subscription,utilities
SPAR vegetables butter,groceries
AMAZON PRIME VIDEO arcade credit movie ticket,entertainment
GOTV prepaid meter token,utilities
CHEVRON STATION tyre diesel vehicle service,transport
NNPC diesel petrol,transport
LOCAL STORE donation service fee photocopy,other
TASTEE FRIED CHICKEN chapman,dining
GENESIS DELUXE MALL trousers headphones,shopping
WHOLE FOODS,groceries
first aid,health
MTN cable subscription prepaid meter token,utilities
EMZOR PHARMACY vitamin c face mask antibiotics,health
FRESH MARKET spaghetti tomatoes bread,groceries
GENESIS DELUXE MALL home decor,shopping
CVS PHARMACY,health
AIRTEL prepaid meter token data bundle electricity bill,utilities
MTN,utilities
IPNX,utilities
JUMIA home decor perfume charger,shopping
CHEVRON STATION tyre vehicle service,transport
LAGOON HOSPITAL antibiotics,health
NETFLIX video game popcorn concert ticket,entertainment
ZARA phone case cosmetics charger,shopping
AMAZON PRIME VIDEO,entertainment
GRAND SQUARE fruits,groceries
DSTV airtime data bundle cable subscription,utilities
gas refill water bill cable subscription,utilities
soft drink,dining
LOCAL STORE repair service,other
AMAZON PRIME VIDEO arcade credit amusement park ticket,entertainment
MISC VENDOR gift item printing,other
SPOTIFY,entertainment
grilled fish shawarma,dining
CORNER SHOP donation,other
phone case shoes,shopping
MEGAPLAZA PARKING,transport
ST. NICHOLAS HOSPITAL lab test malaria test,health
TASTEE FRIED CHICKEN pounded yam suya grilled fish,dining
UBER petrol diesel,transport
KROGER chicken (raw),groceries
CHEVRON STATION diesel,transport
car wash parking fee,transport
GENESIS RESTAURANT chapman,dining
ADDIDE SUPERMARKET bread flour milk,groceries
lab test first aid,health
face mask malaria test bandage,health
repair service gift item stationery,other
TASTEE FRIED CHICKEN burger grilled fish,dining
WHOLE FOODS cheese yam indomie noodles,groceries
TARGET shoes,shopping
GENESIS CINEMAS concert ticket,entertainment
NEPA electricity bill gas refill internet subscription,utilities
MISC VENDOR service fee printing miscellaneous item,other
petrol ride fare fuel,transport
JUSTRITE eggs fruits,groceries
WALGREENS face mask consultation fee prescription,health
TARGET perfume charger,shopping
MEGAPLAZA PARKING engine oil petrol,transport
CVS PHARMACY antibiotics paracetamol,health
CORNER SHOP miscellaneous item,other
EVERYDAY SUPERMARKET,groceries
SPOTIFY amusement park ticket arcade credit,entertainment
KONGA perfume bag electronics,shopping
game console,entertainment
donation miscellaneous item,other
ZARA home decor,shopping
UBER vehicle service parking fee,transport
BEST BUY charger,shopping
CHEVRON STATION car wash toll petrol,transport
cosmetics,shopping
IKEDC airtime,utilities
GENERAL STORE printing,other
CITY CLINIC consultation fee lab test,health
TOTAL FILLING STATION,transport
SPECTRANET internet subscription,utilities
HEALTHPLUS malaria test hand sanitizer vitamin c,health
FILMHOUSE CINEMAS video game arcade credit game console,entertainment
IKEDC prepaid meter token internet subscription,utilities
STARBUCKS chicken and chips chapman,dining
SILVERBIRD CINEMAS game console,entertainment
LOCAL STORE photocopy,other
JIJI wristwatch perfume,shopping
BEST BUY wristwatch phone case headphones,shopping
fish (raw),groceries
SMILE,utilities
GENESIS CINEMAS video game arcade credit,entertainment
BUKKA HUT pizza coffee,dining
LOCAL STORE service fee,other
YUDALA shoes wristwatch trousers,shopping
PHCN,utilities
AMC THEATRES,entertainment
MARKET SQUARE sugar pepper,groceries
EMZOR PHARMACY vitamin c face mask,health
EMZOR PHARMACY face mask malaria test vitamin c,health
DOMINO'S PIZZA,dining
MOBIL,transport
COLD STONE pizza sandwich burger,dining
CVS PHARMACY antibiotics first aid,health
SHELL tyre,transport
BOLT,transport
OANDO fuel toll engine oil,transport
LOCAL STORE gift item stationery,other
LOCAL STORE donation,other
MR BIGGS smoothie,dining
SWEET SENSATION combo meal sandwich burger,dining
combo meal grilled fish,dining
CITY CLINIC consultation fee,health
amusement park ticket game console,entertainment
EBEANO SUPERMARKET onions beans garri,groceries
internet subscription electricity bill,utilities
WHOLE FOODS tomatoes sugar chicken (raw),groceries
WALGREENS vitamin c prescription,health
stationery,other
CONOIL vehicle service,transport
ST. NICHOLAS HOSPITAL hand sanitizer face mask,health
MCDONALD'S pounded yam smoothie,dining
REGAL CINEMAS popcorn movie ticket arcade credit,entertainment
STARBUCKS jollof rice grilled fish combo meal,dining
SWEET SENSATION chapman,dining
JUMIA headphones home decor,shopping
AIRTEL electricity bill data bundle,utilities
GAME STORES headphones shirt,shopping
MEGAPLAZA PARKING tyre vehicle service,transport
OUNCE STORE charger home decor shirt,shopping
COLD STONE sandwich soft drink,dining
SPAR spaghetti flour sugar,groceries
ALPHA PHARMACY face mask hand sanitizer,health
AMAZON PRIME VIDEO streaming subscription amusement park ticket movie ticket,entertainment
MEDPLUS,health
CORNER SHOP stationery,other
MISC VENDOR photocopy repair service,other
hand sanitizer antibiotics lab test,health
cosmetics headphones,shopping
CORNER SHOP printing donation,other
GENERAL STORE stationery repair service,other
REDDINGTON HOSPITAL vitamin c face mask hand sanitizer,health
9MOBILE gas refill prepaid meter token internet subscription,utilities
headphones,shopping
BUKKA HUT,dining
FRESH MARKET cheese,groceries
EVERYDAY SUPERMARKET fish (raw) vegetables,groceries
GENESIS CINEMAS arcade credit concert ticket,entertainment
9MOBILE gas refill,utilities
MOBIL car wash,transport
BOLT car wash parking fee,transport
DOMINO'S PIZZA suya shawarma combo meal,dining
GENESIS RESTAURANT combo meal,dining
CONOIL engine oil,transport
NEXT cosmetics bag phone case,shopping
UBER diesel,transport
GRAND SQUARE indomie noodles onions vegetables,groceries
OCEAN BASKET burger,dining
WHOLE FOODS butter milk,groceries
CHICKEN REPUBLIC soft drink chicken and chips combo meal,dining
ST. NICHOLAS HOSPITAL antibiotics,health
SHOWMAX video game concert ticket amusement park ticket,entertainment
FOOD CO cereal fruits,groceries
SMILE cable subscription gas refill water bill,utilities
SPECTRANET gas refill internet subscription cable subscription,utilities
LOCAL STORE repair service photocopy,other
WALGREENS consultation fee bandage lab test,health
MTN data bundle electricity bill,utilities
AMC THEATRES arcade credit game console,entertainment
CORNER SHOP photocopy stationery,other
CAFE NEO chapman grilled fish,dining
AIRTEL prepaid meter token gas refill data bundle,utilities
MARKET SQUARE sugar,groceries
NETFLIX concert ticket amusement park ticket movie ticket,entertainment
ALPHA PHARMACY paracetamol face mask first aid,health
donation service fee repair service,other
MEGAPLAZA PARKING vehicle service,transport
HEALTHPLUS,health
H&M perfume charger,shopping
KFC shawarma coffee fried rice,dining
AMC THEATRES popcorn,entertainment
TASTEE FASHION bag headphones shoes,shopping
SMILE water bill,utilities
OANDO diesel petrol,transport
SLOT phone case wristwatch,shopping
MISC VENDOR repair service,other
GENERAL STORE donation gift item photocopy,other
CITY CLINIC lab test antibiotics consultation fee,health
SAFEWAY beans rice,groceries
AMC THEATRES arcade credit,entertainment
SILVERBIRD CINEMAS arcade credit popcorn concert ticket,entertainment
MISC VENDOR,other
GENESIS CINEMAS game console,entertainment
SMILE water bill data bundle electricity bill,utilities
BURGER KING egusi soup,dining
suya,dining
CAFE NEO chicken and chips smoothie coffee,dining
tyre fuel,transport
EBEANO SUPERMARKET chicken (raw) eggs,groceries
TOTAL FILLING STATION toll tyre vehicle service,transport
SPOTIFY video game arcade credit streaming subscription,entertainment
EMZOR PHARMACY hand sanitizer,health
SPAR indomie noodles fish (raw) sugar,groceries
TASTEE FRIED CHICKEN chapman grilled fish fried rice,dining
JIJI,shopping
LAGOS BRT,transport
malaria test first aid,health
shoes bag,shopping
MEGAPLAZA PARKING parking fee fuel engine oil,transport
MISC VENDOR gift item,other
GENESIS DELUXE MALL electronics trousers,shopping
WALMART electronics cosmetics charger,shopping
NEPA airtime,utilities
EBEANO SUPERMARKET beans spaghetti,groceries
petrol,transport
CVS PHARMACY face mask,health
MEDPLUS hand sanitizer consultation fee face mask,health
KROGER eggs vegetables,groceries
STARTIMES,utilities
STARTIMES water bill,utilities
CVS PHARMACY vitamin c hand sanitizer malaria test,health
GOTV airtime internet subscription gas refill,utilities
KONGA headphones wristwatch shirt,shopping
BOLT petrol,transport
pizza suya chicken and chips,dining
NETFLIX movie ticket concert ticket,entertainment
arcade credit,entertainment
FILMHOUSE CINEMAS,entertainment
OCEAN BASKET coffee shawarma sandwich,dining
GENERAL STORE repair service stationery printing,other
EMZOR PHARMACY malaria test antibiotics lab test,health
SLOT shirt,shopping
SILVERBIRD CINEMAS video game streaming subscription movie ticket,entertainment
GENERAL STORE,other
indomie noodles,groceries
TASTEE FASHION,shopping
SPOTIFY popcorn movie ticket video game,entertainment
GENESIS CINEMAS arcade credit video game streaming subscription,entertainment
AIRTEL,utilities
photocopy service fee,other
LOCAL STORE service fee repair service stationery,other
parking fee ride fare toll,transport
FRESH MARKET onions eggs,groceries
SPOTIFY concert ticket,entertainment
GENERAL STORE gift item,other
AMAZON PRIME VIDEO popcorn,entertainment
AIRTEL cable subscription prepaid meter token water bill,utilities
AEDC gas refill electricity bill data bundle,utilities
CORNER SHOP photocopy miscellaneous item,other
SHOWMAX arcade credit,entertainment
GRAND SQUARE cooking oil onions bread,groceries
OANDO,transport
NEPA prepaid meter token electricity bill,utilities
TASTEE FRIED CHICKEN jollof rice chapman,dining
CORNER SHOP photocopy gift item,other
9MOBILE cable subscription,utilities
LAGOS BRT tyre ride fare engine oil,transport
SMILE data bundle prepaid meter token,utilities
REGAL CINEMAS video game streaming subscription,entertainment
JUSTRITE frozen food,groceries
LOCAL STORE gift item,other
EMZOR PHARMACY,health
GENESIS DELUXE MALL electronics headphones,shopping
MEGAPLAZA PARKING petrol ride fare parking fee,transport
GENESIS RESTAURANT,dining
NETFLIX amusement park ticket concert ticket video game,entertainment
HEALTHPLUS antibiotics,health
WALGREENS first aid,health
YUDALA phone case home decor,shopping
MEDPLUS prescription bandage,health
SHOWMAX streaming subscription game console popcorn,entertainment
UBER,transport
NEXT shoes home decor,shopping
REDDINGTON HOSPITAL paracetamol,health
vehicle service diesel,transport
ADDIDE SUPERMARKET frozen food chicken (raw),groceries
FOOD CO fruits yam,groceries
SILVERBIRD CINEMAS amusement park ticket,entertainment
SHOWMAX,entertainment
TASTEE FRIED CHICKEN soft drink pizza egusi soup,dining
STARBUCKS coffee suya,dining
STARBUCKS,dining
TOTAL FILLING STATION toll,transport
GENESIS CINEMAS,entertainment
JUSTRITE bread spaghetti,groceries
GENERAL STORE miscellaneous item stationery gift item,other
IKEDC gas refill electricity bill water bill,utilities
MISC VENDOR miscellaneous item stationery service fee,other
vitamin c face mask,health
HEALTHPLUS hand sanitizer lab test,health
AEDC,utilities
WALGREENS paracetamol malaria test first aid,health
water bill gas refill cable subscription,utilities
data bundle electricity bill,utilities
JUSTRITE beans tomatoes,groceries
MISC VENDOR photocopy gift item,other
NETFLIX popcorn game console,entertainment
photocopy gift item stationery,other
OANDO tyre diesel car wash,transport
EVERYDAY SUPERMARKET yam tomatoes garri,groceries
GENESIS RESTAURANT egusi soup soft drink,dining
SILVERBIRD CINEMAS,entertainment
KFC coffee shawarma combo meal,dining
ALPHA PHARMACY consultation fee vitamin c,health
EKEDC prepaid meter token cable subscription,utilities
SILVERBIRD CINEMAS amusement park ticket game console,entertainment
EMZOR PHARMACY bandage,health
hand sanitizer,health
phone case,shopping
EKEDC electricity bill internet subscription gas refill,utilities
LOCAL STORE stationery,other
printing service fee,other
SPOTIFY movie ticket arcade credit,entertainment
UBER toll engine oil fuel,transport
ST. NICHOLAS HOSPITAL paracetamol,health
SPOTIFY arcade credit,entertainment
DSTV gas refill,utilities
STARBUCKS jollof rice suya shawarma,dining
SILVERBIRD CINEMAS arcade credit movie ticket video game,entertainment
GENERAL STORE printing miscellaneous item,other
AMC THEATRES amusement park ticket movie ticket,entertainment
MTN water bill,utilities
WALGREENS bandage,health
TOTAL FILLING STATION vehicle service car wash,transport
JIJI bag headphones,shopping
SPAR onions,groceries
MISC VENDOR repair service stationery service fee,other
AMAZON headphones wristwatch,shopping
AMAZON home decor perfume headphones,shopping
WALMART perfume charger cosmetics,shopping
TRADER JOE'S onions,groceries
GENERAL STORE service fee,other
AMC THEATRES streaming subscription movie ticket game console,entertainment
TASTEE FRIED CHICKEN soft drink grilled fish,dining
REDDINGTON HOSPITAL lab test malaria test bandage,health
STARBUCKS egusi soup,dining
THE PLACE egusi soup fried rice suya,dining
ST. NICHOLAS HOSPITAL hand sanitizer bandage,health
EMZOR PHARMACY consultation fee,health
MTN water bill electricity bill,utilities
tomatoes salt flour,groceries
MEDPLUS face mask,health
UBER ride fare,transport
WALMART wristwatch charger electronics,shopping
WALMART headphones,shopping
TASTEE FASHION phone case electronics cosmetics,shopping
MEGAPLAZA PARKING tyre engine oil,transport
TARGET home decor cosmetics,shopping
CAFE NEO smoothie,dining
NETFLIX movie ticket streaming subscription,entertainment
GENESIS CINEMAS movie ticket amusement park ticket,entertainment
AMC THEATRES movie ticket amusement park ticket game console,entertainment
LAGOON HOSPITAL vitamin c prescription,health
9MOBILE water bill,utilities
combo meal,dining
SPOTIFY movie ticket game console,entertainment
jollof rice fried rice,dining
SPECTRANET electricity bill cable subscription,utilities
GENERAL STORE service fee miscellaneous item stationery,other
parking fee fuel car wash,transport
ADDIDE SUPERMARKET,groceries
THE PLACE,dining
ride fare,transport
AMAZON PRIME VIDEO movie ticket video game amusement park ticket,entertainment
MISC VENDOR repair service stationery,other
NANDO'S sandwich,dining
WALGREENS prescription,health
JUSTRITE,groceries
NEXT phone case home decor bag,shopping
SPAR indomie noodles,groceries
STARBUCKS combo meal,dining
SPOTIFY amusement park ticket popcorn streaming subscription,entertainment
ST. NICHOLAS HOSPITAL face mask first aid malaria test,health
EVERYDAY SUPERMARKET indomie noodles,groceries
COLD STONE soft drink combo meal,dining
GENERAL STORE miscellaneous item stationery printing,other
internet subscription cable subscription data bundle,utilities
gas refill,utilities
MISC VENDOR photocopy,other
SPOTIFY amusement park ticket,entertainment
REDDINGTON HOSPITAL,health
LAGOS BRT petrol engine oil,transport
LAGOS BRT parking fee fuel,transport
LOCAL STORE photocopy printing miscellaneous item,other
LOCAL STORE printing stationery,other
ADDIDE SUPERMARKET beans,groceries
CONOIL ride fare,transport
EMZOR PHARMACY antibiotics,health
MEGAPLAZA PARKING parking fee car wash engine oil,transport
MEDPLUS prescription,health
GRAND SQUARE milk cheese,groceries
AMC THEATRES movie ticket amusement park ticket,entertainment
TARGET trousers,shopping
GENESIS RESTAURANT pounded yam soft drink,dining
CORNER SHOP service fee,other
WHOLE FOODS flour fruits,groceries
CHEVRON STATION vehicle service,transport
MISC VENDOR printing,other
LAGOS BRT engine oil petrol tyre,transport
OUNCE STORE trousers,shopping
gift item stationery miscellaneous item,other
BURGER KING chapman combo meal burger,dining
EKEDC,utilities
JUMIA FASHION shirt,shopping
KROGER bread onions tomatoes,groceries
GENERAL STORE donation gift item,other
FRESH MARKET,groceries
flour,groceries
ST. NICHOLAS HOSPITAL first aid antibiotics lab test,health
CONOIL,transport
CHEVRON STATION car wash toll,transport
popcorn,entertainment
fried rice chapman burger,dining
GAME STORES perfume charger,shopping
NETFLIX,entertainment
NEXT shoes,shopping
CORNER SHOP repair service photocopy,other
GENESIS CINEMAS concert ticket video game,entertainment
ALPHA PHARMACY lab test consultation fee vitamin c,health
UBER fuel petrol,transport
CITY CLINIC,health
WALGREENS face mask antibiotics consultation fee,health
BEST BUY electronics home decor,shopping
milk,groceries
CORNER SHOP photocopy,other
NANDO'S,dining
NEPA data bundle electricity bill,utilities
JUMIA FASHION,shopping
GRAND SQUARE milk frozen food,groceries
STARTIMES electricity bill,utilities
parking fee,transport
9MOBILE airtime,utilities
SHOPRITE pepper,groceries
prescription,health
H&M,shopping
KILIMANJARO burger sandwich,dining
CHEVRON STATION,transport
NEXT perfume wristwatch charger,shopping
YUDALA headphones,shopping
IKEDC,utilities
SHOPRITE tomatoes eggs sugar,groceries
H&M headphones bag,shopping
BURGER KING jollof rice fried rice pizza,dining
GENESIS CINEMAS arcade credit,entertainment
CHIPOTLE pounded yam egusi soup chicken and chips,dining
LOCAL STORE,other
SHELL vehicle service,transport
AMAZON,shopping
CORNER SHOP service fee photocopy gift item,other
TOTAL FILLING STATION ride fare engine oil diesel,transport
tomatoes beans,groceries
CORNER SHOP,other
EMZOR PHARMACY first aid,health
GENERAL STORE repair service,other
FOOD CO,groceries
MOBIL engine oil tyre,transport
COLD STONE,dining
GLO electricity bill internet subscription cable subscription,utilities
IPNX gas refill,utilities
GENESIS DELUXE MALL shoes phone case,shopping
SHELL vehicle service fuel ride fare,transport
GENERAL STORE photocopy miscellaneous item,other
TOTAL FILLING STATION parking fee fuel toll,transport
GENESIS DELUXE MALL,shopping
photocopy,other
GENERAL STORE photocopy repair service,other